{
  "api": {
    "applauncher": {
      "name": "Applauncher module",
      "location": "api/applauncher/"
    },
    "attestation": {
      "name": "Attestation",
      "location": "api/attestation/"
     },
    "authentication": {
      "name": "Authentication",
      "location": "api/authentication/"
     },
    "contacts": {
      "name": "contacts",
      "location": "api/contacts/"
    },
    "context": {
      "name": "Context",
      "location": "api/context/"
    },
    "events": {
      "name": "Events API",
      "location": "api/events/"
    },
    "file": {
      "name": "File API",
      "location": "api/file/"
    },
    "geolocation": {
      "name": "Geolocation",
      "location": "api/geolocation/"
    },
    "get42": {
      "name": "get42",
      "location": "api/get42/"
    },
    "sensors": {
      "name": "Sensors",
      "location": "api/sensors/"
    },
    "tv": {
      "name": "TV",
      "location": "api/tv/"
    },
    "oauth": {
      "name": "oAuth",
      "location": "api/oauth/"
    },
    "vehicle": {
      "name": "Vehicle",
      "location": "api/vehicle/"
    },
    "deviceorientation": {
      "name": "Deviceorientation",
      "location": "api/deviceorientation/"
    },
    "service_discovery": {
      "name": "ServiceDiscovery",
      "location": "api/servicedisco/"
    },
    "devicestatus": {
      "name": "DeviceStatus",
      "location": "api/devicestatus/"
    },
    "payment": {
      "name": "Payment",
      "location": "api/payment/"
    },
    "discovery": {
      "name": "Discovery",
      "location": "api/discovery/"
    }
  },
  "manager": {
    "certificate_manager": {
      "name": "Certificate manager",
      "location": "common/manager/certificate_manager/"
    },
    "context_manager": {
      "name": "Context manager",
      "location": "common/manager/context_manager/"
    },
    "messaging": {
      "name": "Messaging Manager",
      "location": "common/manager/messaging/"
    },
    "policy_manager": {
      "name": "Policy Manager",
      "location": "common/manager/policy_manager/"
    },
    "keystore": {
      "name": "Key Store",
      "location": "common/manager/keystore/"
    }
  },
  "uniqueID": {
    "name":"uniqueID",
    "location": "common/uniqueID/"
  },
  "rpc": {
    "name": "RPC",
    "location": "common/rpc/"
  },
  "xmpp": {
    "name": "xmpp",
    "location": "common/xmpp/"
  },
  "pzp": {
    "name": "PZP",
    "location": "pzp/"
  },
  "pzh": {
    "name": "PZH",
    "location": "pzh/"
  },
  "wrt": {
    "name": "wrt",
    "location": "wrt/"
  },
  "test": {
    "name": "test",
    "location": "test/"
  }
}
